table,column,type
CUSTODIANS,DISTRIBUTED_TRANSACTION_ID,VARCHAR2(255)
CUSTODIANS,LAST_CHANGED_BY,VARCHAR2(20)
WORK_DONE,DISTRIBUTED_TRANSACTION_ID,VARCHAR2(255)
WORK_DONE,NO_FAULT_FOUND,CHAR(1)
MISSION_TYPES,DISTRIBUTED_TRANSACTION_ID,VARCHAR2(255)
TASK_ENVIRONMENT_USAGES,DISTRIBUTED_TRANSACTION_ID,VARCHAR2(255)
ITEM_USAGE_DETAILS,DISTRIBUTED_TRANSACTION_ID,VARCHAR2(255)
EO_APPLICABILITIES,DISTRIBUTED_TRANSACTION_ID,VARCHAR2(255)
MAINTAINED_POSITIONS,DISTRIBUTED_TRANSACTION_ID,VARCHAR2(255)
TASK_SCHEDULES,DISTRIBUTED_TRANSACTION_ID,VARCHAR2(255)
FSC_STATES,DISTRIBUTED_TRANSACTION_ID,VARCHAR2(255)
FSC_STATES,FLIGHT_SER_CERT_STATE_ID,VARCHAR2(80)
FSC_STATES,VERSION_NUMBER,"NUMBER(22,10)"
SEG_CODE_NCMTYPE_RULES,CREATE_ITEM_ORDER,CHAR(1)
SEG_CODE_NCMTYPE_RULES,DISTRIBUTED_TRANSACTION_ID,VARCHAR2(255)
SEG_CODE_NCMTYPE_RULES,REPAIR_DEFAULT_WORK_ORDER,VARCHAR2(50)
SEG_CODE_NCMTYPE_RULES,VERSION_NUMBER,"NUMBER(22,10)"
J_AUDIT_TRANSACTION_FIELDS,MULTILINE_HTML_FLAG,VARCHAR2(1)
J_AUDIT_TRANSACTION_FIELDS,OVERFLOW_FLAG,CHAR(1)
SORTIE_REASON_CODES,DISTRIBUTED_TRANSACTION_ID,VARCHAR2(255)
LABOR_TYPES,DISTRIBUTED_TRANSACTION_ID,VARCHAR2(255)
AIRCRAFT_MASTER_LIVES,DISTRIBUTED_TRANSACTION_ID,VARCHAR2(255)
FORECAST_TASKS,BASE_TASK_CODE,VARCHAR2(50)
FORECAST_TASKS,EQUIPMENT_SHUTDOWN_REQUIRED,CHAR(1)
FORECAST_TASKS,IN_WARN,NUMBER(22)
FORECAST_TASKS,INITIAL_COMPLIANCE_PERIOD_USED,VARCHAR2(1)
ITEM_REPLENISHMENT_RECORDS,CERTIFIED_BY,VARCHAR2(20)
ITEM_REPLENISHMENT_RECORDS,CERTIFIED_EMPLOYEE_NO,VARCHAR2(20)
ITEM_REPLENISHMENT_RECORDS,CERTIFIED_NAME,VARCHAR2(40)
ITEM_REPLENISHMENT_RECORDS,CERTIFIED_ON,DATE
ITEM_REPLENISHMENT_RECORDS,CERTIFIED_OVERRIDE,VARCHAR2(400)
ITEM_REPLENISHMENT_RECORDS,COUNTER_SIGNED,CHAR(1)
ITEM_REPLENISHMENT_RECORDS,DISTRIBUTED_TRANSACTION_ID,VARCHAR2(255)
TASKS,BASE_TASK_CODE,VARCHAR2(50)
TASKS,DISTRIBUTED_TRANSACTION_ID,VARCHAR2(255)
TASKS,EQUIPMENT_SHUTDOWN_REQUIRED,CHAR(1)
TASKS,RECALL_CODE,VARCHAR2(8)
TASKS,REMOVAL_WORK_ORDER_NUMBER,VARCHAR2(20)
TASKS,SHOP_BENCH_CODE,VARCHAR2(20)
TASKS,SYS_NC00098$,DATE
DATA_SECURITY_PROFILES,DISTRIBUTED_TRANSACTION_ID,VARCHAR2(255)
DATA_SECURITY_PROFILES,VERSION_NUMBER,"NUMBER(22,10)"
USAGE_PROFILE_DETAILS,DISTRIBUTED_TRANSACTION_ID,VARCHAR2(255)
ITEM_KEYS,DISTRIBUTED_TRANSACTION_ID,VARCHAR2(255)
MAINTENANCE_TYPES,DISTRIBUTED_TRANSACTION_ID,VARCHAR2(255)
WORK_ORDER_LABOR_ESTIMATES,DISTRIBUTED_TRANSACTION_ID,VARCHAR2(255)
WORK_ORDER_LABOR_ESTIMATES,LABOR_RATE,"NUMBER(22,15)"
WORK_ORDER_LABOR_ESTIMATES,USER_ID,VARCHAR2(20)
WORK_ORDER_LABOR_ESTIMATES,WORK_ORDER_LABOR_ESTIMATE_ID,VARCHAR2(80)
WORK_ORDER_LABOR_ESTIMATES,WORK_STEP_ID,VARCHAR2(80)
OPERATIONAL_EFFECT_TYPES,DISTRIBUTED_TRANSACTION_ID,VARCHAR2(255)
AIRCRAFT_TYPES,DISTRIBUTED_TRANSACTION_ID,VARCHAR2(255)
CAASM_RECORDS,BASE_TASK_CODE,VARCHAR2(50)
CAASM_RECORDS,DISTRIBUTED_TRANSACTION_ID,VARCHAR2(255)
DEFAULT_WORK_STEP_AUTHS,DISTRIBUTED_TRANSACTION_ID,VARCHAR2(255)
MAINTAINED_STRUCTURES,DISTRIBUTED_TRANSACTION_ID,VARCHAR2(255)
WORK_ORDER_SYMPTOM_COMMENTS,DISTRIBUTED_TRANSACTION_ID,VARCHAR2(255)
DESK_CODES,DISTRIBUTED_TRANSACTION_ID,VARCHAR2(255)
FS_PERIODS_OF_VALIDITY,DISTRIBUTED_TRANSACTION_ID,VARCHAR2(255)
FS_PERIODS_OF_VALIDITY,FS_PERIOD_OF_VALIDITY_ID,VARCHAR2(80)
TASK_GROUPS,DISTRIBUTED_TRANSACTION_ID,VARCHAR2(255)
DEFAULT_PART_REQUESTS,BOM_REFERENCE_ID,VARCHAR2(80)
DEFAULT_PART_REQUESTS,DEFAULT_WORK_ORDER_ID,VARCHAR2(80)
DEFAULT_PART_REQUESTS,DISTRIBUTED_TRANSACTION_ID,VARCHAR2(255)
DEFAULT_PART_REQUESTS,HARDNESS_CRITICAL_ITEM,CHAR(1)
DEFAULT_PART_REQUESTS,PROCUREMENT_MULTIPLIER,"NUMBER(22,15)"
DEFAULT_PART_REQUESTS,QUANTITY_AS_REQUIRED,CHAR(1)
DEFAULT_PART_REQUESTS,REASON_CODE,VARCHAR2(1)
DEFAULT_PART_REQUESTS,REFERENCE_DESIGNATOR,VARCHAR2(20)
DEFAULT_PART_REQUESTS,REFERENCE_INFORMATION,VARCHAR2(120)
DEFAULT_PART_REQUESTS,SERIAL_MANDATORY,CHAR(1)
DEFAULT_PART_REQUESTS,TAGS,VARCHAR2(2)
DEFAULT_PART_REQUESTS,USED_ON,VARCHAR2(50)
PARTS_POS_INFORMATION,DISTRIBUTED_TRANSACTION_ID,VARCHAR2(255)
WORK_ORDER_COMMENTS,DISTRIBUTED_TRANSACTION_ID,VARCHAR2(255)
TASK_COMMENTS,BASE_TASK_CODE,VARCHAR2(50)
TASK_COMMENTS,DISTRIBUTED_TRANSACTION_ID,VARCHAR2(255)
MAINTENANCE_LEVELS,DISTRIBUTED_TRANSACTION_ID,VARCHAR2(255)
CERTIFICATION_POINTS,DISTRIBUTED_TRANSACTION_ID,VARCHAR2(255)
FAULTS,CREATED_BY,VARCHAR2(20)
FAULTS,CREATED_ON,DATE
FAULTS,DISTRIBUTED_TRANSACTION_ID,VARCHAR2(255)
FAULTS,LAST_CHANGED_BY,VARCHAR2(20)
TASK_DEF_PENALTY_COMMENTS,BASE_TASK_CODE,VARCHAR2(50)
TASK_DEF_PENALTY_COMMENTS,DISTRIBUTED_TRANSACTION_ID,VARCHAR2(255)
INTERVAL_MAPPINGS,DISTRIBUTED_TRANSACTION_ID,VARCHAR2(255)
WORK_STEP_AUTHS,DISTRIBUTED_TRANSACTION_ID,VARCHAR2(255)
DESIGNED_POSITION_INTERVALS,DISTRIBUTED_TRANSACTION_ID,VARCHAR2(255)
INSTALL_REMOVE_ITEMS,DISTRIBUTED_TRANSACTION_ID,VARCHAR2(255)
INSTALL_REMOVE_ITEMS,INSTALLED_QUANTITY,"NUMBER(22,10)"
INSTALL_REMOVE_ITEMS,INSTALLED_SERIAL_MANDATORY,CHAR(1)
INSTALL_REMOVE_ITEMS,REMOVED_QUANTITY,"NUMBER(22,10)"
INSTALL_REMOVE_ITEMS,REMOVED_SERIAL_MANDATORY,CHAR(1)
INSTALL_REMOVE_ITEMS,REPLACEMENT_REQUEST_ID,VARCHAR2(20)
DATA_INSTANCES,DISTRIBUTED_TRANSACTION_ID,VARCHAR2(255)
DATA_INSTANCES,INTIAL_LOAD_BATCH_SEQ_NO,"NUMBER(22,10)"
DATA_INSTANCES,VOUCHER_PREFIX,VARCHAR2(3)
DATA_INSTANCES,WEB_SERVICE_PORT,"NUMBER(22,6)"
FLT_SERV_CERTIFICATES,DISTRIBUTED_TRANSACTION_ID,VARCHAR2(255)
FLT_SERV_CERTIFICATES,TR_VALID_UNTIL,DATE
FLT_SERV_CERTIFICATES,WEAPONS_ARMED_REQUIRED,CHAR(1)
WORK_ORDER_FAULT_COMMENTS,DISTRIBUTED_TRANSACTION_ID,VARCHAR2(255)
TASK_DEFINITION_COMMENTS,BASE_TASK_CODE,VARCHAR2(50)
TASK_DEFINITION_COMMENTS,DISTRIBUTED_TRANSACTION_ID,VARCHAR2(255)
FLIGHT_SCHD_DEVIATION_CODES,ABORT_ALLOWABLE,CHAR(1)
FLIGHT_SCHD_DEVIATION_CODES,CANCEL_ALLOWABLE,CHAR(1)
FLIGHT_SCHD_DEVIATION_CODES,DAILY_ADD_ALLOWABLE,CHAR(1)
FLIGHT_SCHD_DEVIATION_CODES,DAILY_DELETE_ALLOWABLE,CHAR(1)
FLIGHT_SCHD_DEVIATION_CODES,DAILY_MODIFY_FIELD_LIST,VARCHAR2(1000)
FLIGHT_SCHD_DEVIATION_CODES,DISTRIBUTED_TRANSACTION_ID,VARCHAR2(255)
FLIGHT_SCHD_DEVIATION_CODES,MONTHLY_ADD_ALLOWABLE,CHAR(1)
FLIGHT_SCHD_DEVIATION_CODES,MONTHLY_DELETE_ALLOWABLE,CHAR(1)
FLIGHT_SCHD_DEVIATION_CODES,MONTHLY_MODIFY_FIELD_LIST,VARCHAR2(1000)
FLIGHT_SCHD_DEVIATION_CODES,USE_FOR_USAGE_POSTING,CHAR(1)
FLIGHT_SCHD_DEVIATION_CODES,WEEKLY_ADD_ALLOWABLE,CHAR(1)
FLIGHT_SCHD_DEVIATION_CODES,WEEKLY_DELETE_ALLOWABLE,CHAR(1)
FLIGHT_SCHD_DEVIATION_CODES,WEEKLY_MODIFY_FIELD_LIST,VARCHAR2(1000)
INSTALL_REMOVE_ITEMS_LIFING,DISTRIBUTED_TRANSACTION_ID,VARCHAR2(255)
PENALTY_STATIC_UPDATES,BASE_TASK_CODE,VARCHAR2(50)
PENALTY_STATIC_UPDATES,DISTRIBUTED_TRANSACTION_ID,VARCHAR2(255)
PHYSICAL_SECURITY_CODES,DISTRIBUTED_TRANSACTION_ID,VARCHAR2(255)
PHYSICAL_SECURITY_CODES,VERSION_NUMBER,"NUMBER(22,10)"
DIVISION_CODES,DISTRIBUTED_TRANSACTION_ID,VARCHAR2(255)
FSC_SIGNATURES,DISTRIBUTED_TRANSACTION_ID,VARCHAR2(255)
INTERVAL_TYPES,DISTRIBUTED_TRANSACTION_ID,VARCHAR2(255)
ITEM_MOD_IMPLICATIONS,DISTRIBUTED_TRANSACTION_ID,VARCHAR2(255)
WORK_PERFORMED,DISTRIBUTED_TRANSACTION_ID,VARCHAR2(255)
WORK_PERFORMED,STEP_STATUS_REASON_CODE,VARCHAR2(20)
WORK_PERFORMED,TYPE_MAINTENANCE_CODE,VARCHAR2(20)
WORK_PERFORMED,UNITS_PRODUCED,VARCHAR2(1)
WORK_PERFORMED,WORK_UNIT_CODE,VARCHAR2(20)
DESIGNED_POSITION_PARTS,DISTRIBUTED_TRANSACTION_ID,VARCHAR2(255)
DESIGNED_POSITIONS,DISTRIBUTED_TRANSACTION_ID,VARCHAR2(255)
ITEM_SANCTIONS,DISTRIBUTED_TRANSACTION_ID,VARCHAR2(255)
AUTHORIZATION_LEVELS,ACTIVE,CHAR(1)
AUTHORIZATION_LEVELS,DISTRIBUTED_TRANSACTION_ID,VARCHAR2(255)
MINOR_ITEM_PREFIXES,DISTRIBUTED_TRANSACTION_ID,VARCHAR2(255)
CANNIBALIZATION_RECORDS,DISTRIBUTED_TRANSACTION_ID,VARCHAR2(255)
INTERFACE_PROCESSES,DISTRIBUTED_TRANSACTION_ID,VARCHAR2(255)
INTERFACE_PROCESSES,VERSION_NUMBER,"NUMBER(22,10)"
INCIDENT_TYPES,DISTRIBUTED_TRANSACTION_ID,VARCHAR2(255)
WORK_TYPES,DISTRIBUTED_TRANSACTION_ID,VARCHAR2(255)
WORK_ORDER_DELAY_CODES,DELAYED_FOR_REQUEST_ID,VARCHAR2(20)
WORK_ORDER_DELAY_CODES,DISTRIBUTED_TRANSACTION_ID,VARCHAR2(255)
SUPPLY_RESPONSE_CODES,DISTRIBUTED_TRANSACTION_ID,VARCHAR2(255)
DESIGNED_STRUCTURES,DISTRIBUTED_TRANSACTION_ID,VARCHAR2(255)
DESIGNED_STRUCTURES,USER_ACCESS_CODE,VARCHAR2(50)
DEMAND_PRIORITIES,DISTRIBUTED_TRANSACTION_ID,VARCHAR2(255)
ENGINEERING_ORDERS,DISTRIBUTED_TRANSACTION_ID,VARCHAR2(255)
ENGINEERING_ORDERS,EO_AMENDMENT,VARCHAR2(1)
ENGINEERING_ORDERS,EO_BASIC_NO,VARCHAR2(4)
ENGINEERING_ORDERS,EO_DATA_CODE,VARCHAR2(2)
ENGINEERING_ORDERS,EO_KIT,VARCHAR2(2)
ENGINEERING_ORDERS,EO_PART,VARCHAR2(2)
ENGINEERING_ORDERS,EO_REVISION,VARCHAR2(2)
ENGINEERING_ORDERS,EO_SUPPLEMENT,VARCHAR2(2)
ENGINEERING_ORDERS,PREVENT_OUTBOUND,CHAR(1)
TASK_DEFINITION_CARDS,BASE_TASK_CODE,VARCHAR2(50)
TASK_DEFINITION_CARDS,DISTRIBUTED_TRANSACTION_ID,VARCHAR2(255)
TIME_ZONES,DISTRIBUTED_TRANSACTION_ID,VARCHAR2(255)
SHELF_LIFE_CODES,DISTRIBUTED_TRANSACTION_ID,VARCHAR2(255)
SHELF_LIFE_CODES,VERSION_NUMBER,"NUMBER(22,10)"
DEFAULT_WORK_STEPS,ALERT_FREQUENCY,"NUMBER(22,3)"
DEFAULT_WORK_STEPS,BASIC_TASK_UNIT,VARCHAR2(3)
DEFAULT_WORK_STEPS,BIN_LOCATION,VARCHAR2(40)
DEFAULT_WORK_STEPS,DEFAULT_WORK_ORDER_ID,VARCHAR2(80)
DEFAULT_WORK_STEPS,DISTRIBUTED_TRANSACTION_ID,VARCHAR2(255)
DEFAULT_WORK_STEPS,FACTORY_WORK_CODE,VARCHAR2(20)
DEFAULT_WORK_STEPS,FLOW_TIME,"NUMBER(22,12)"
DEFAULT_WORK_STEPS,LABOR_DEPARTMENT,VARCHAR2(20)
DEFAULT_WORK_STEPS,OCCURENCE_FACTOR,"NUMBER(22,5)"
DEFAULT_WORK_STEPS,OPERATION_CODE,VARCHAR2(20)
DEFAULT_WORK_STEPS,RESEND_ALERT,CHAR(1)
DEFAULT_WORK_STEPS,RUN_TIME,"NUMBER(22,12)"
DEFAULT_WORK_STEPS,SETUP_TIME,"NUMBER(22,12)"
DEFAULT_WORK_STEPS,SUB_LOCATION,VARCHAR2(40)
DEFAULT_WORK_STEPS,WORK_BAY,VARCHAR2(20)
AIRCRAFT_TYPE_PARTS,DISTRIBUTED_TRANSACTION_ID,VARCHAR2(255)
DEFAULT_SCHEDULE_CODES,DISTRIBUTED_TRANSACTION_ID,VARCHAR2(255)
ROLE_STATES,DISTRIBUTED_TRANSACTION_ID,VARCHAR2(255)
CORRECTION_CODES,DISTRIBUTED_TRANSACTION_ID,VARCHAR2(255)
EO_COMMENTS,DISTRIBUTED_TRANSACTION_ID,VARCHAR2(255)
J_ATTACHMENTS,DOCUMENT_REFERENCE_ID,VARCHAR2(80)
WORK_ORDER_PARTS_USED,DISTRIBUTED_TRANSACTION_ID,VARCHAR2(255)
WORK_ORDER_MAIN_EQUIPMENT,DISTRIBUTED_TRANSACTION_ID,VARCHAR2(255)
EO_COMPLIANCES,DISTRIBUTED_TRANSACTION_ID,VARCHAR2(255)
EO_ROLL_PARTS,DISTRIBUTED_TRANSACTION_ID,VARCHAR2(255)
WORK_STEP_AUTH_REQUIREMENTS,DISTRIBUTED_TRANSACTION_ID,VARCHAR2(255)
ITEM_SANCTION_COMMENTS,DISTRIBUTED_TRANSACTION_ID,VARCHAR2(255)
SITE_CODES,DISTRIBUTED_TRANSACTION_ID,VARCHAR2(255)
SITE_CODES,GLOBAL_BILL_TO_ADDRESS,VARCHAR2(80)
SITE_CODES,GLOBAL_PHYSICAL_ADDRESS,VARCHAR2(80)
SITE_CODES,SITE_OFFLINE,CHAR(1)
PENALTY_MARKS,CREATED_BY,VARCHAR2(20)
PENALTY_MARKS,CREATED_ON,DATE
PENALTY_MARKS,DISTRIBUTED_TRANSACTION_ID,VARCHAR2(255)
PENALTY_MARKS,LAST_CHANGED_BY,VARCHAR2(20)
DEFAULT_AUTH_REQUIREMENTS,DISTRIBUTED_TRANSACTION_ID,VARCHAR2(255)
WEIGHT_BALANCE_TYPES,DISTRIBUTED_TRANSACTION_ID,VARCHAR2(255)
DEFAULT_PROCESS_LISTS,DEFAULT_PROCESS_LIST_ID,VARCHAR2(80)
DEFAULT_PROCESS_LISTS,DEFAULT_WORK_ORDER_ID,VARCHAR2(80)
DEFAULT_PROCESS_LISTS,DEFAULT_WORK_STEP_ID,VARCHAR2(80)
DEFAULT_PROCESS_LISTS,DISTRIBUTED_TRANSACTION_ID,VARCHAR2(255)
EO_RECEIPTS,DISTRIBUTED_TRANSACTION_ID,VARCHAR2(255)
TASK_DEFINITION_PENALTIES,BASE_TASK_CODE,VARCHAR2(50)
TASK_DEFINITION_PENALTIES,DISTRIBUTED_TRANSACTION_ID,VARCHAR2(255)
ROLE_CAPABILITIES,DISTRIBUTED_TRANSACTION_ID,VARCHAR2(255)
HOW_FOUND,DISTRIBUTED_TRANSACTION_ID,VARCHAR2(255)
USAGE_FORECASTS,DISTRIBUTED_TRANSACTION_ID,VARCHAR2(255)
MISSION_EFFECT_TYPES,DISTRIBUTED_TRANSACTION_ID,VARCHAR2(255)
EQUIPMENT_STATUSES,DISTRIBUTED_TRANSACTION_ID,VARCHAR2(255)
EQUIPMENT_STATUSES,VERSION_NUMBER,"NUMBER(22,10)"
FUELLING_DEFINITIONS,DISTRIBUTED_TRANSACTION_ID,VARCHAR2(255)
ONBOARD_SOFTWARE_LOGS,DISTRIBUTED_TRANSACTION_ID,VARCHAR2(255)
READINESS_STATES,DISTRIBUTED_TRANSACTION_ID,VARCHAR2(255)
TASK_DEFINITIONS,BASE_TASK_CODE,VARCHAR2(50)
TASK_DEFINITIONS,COMP_REMOVAL_DEFAULT_WO,VARCHAR2(50)
TASK_DEFINITIONS,DISTRIBUTED_TRANSACTION_ID,VARCHAR2(255)
TASK_DEFINITIONS,EQUIPMENT_SHUTDOWN_REQUIRED,CHAR(1)
TASK_DEFINITIONS,HUMIDITY_MANDATORY,CHAR(1)
TASK_DEFINITIONS,MARK_FOR_DELETION,CHAR(1)
TASK_DEFINITIONS,PERFORM_AIA,CHAR(1)
TASK_DEFINITIONS,RESET_DUE_DATE,CHAR(1)
TASK_DEFINITIONS,RESULT_CODE_MANDATORY,CHAR(1)
TASK_DEFINITIONS,SHOP_BENCH_DEFAULT_FROM_ITEM,CHAR(1)
TASK_DEFINITIONS,STANDARDS_REQUIRED,CHAR(1)
TASK_DEFINITIONS,TEMPERATURE_MANDATORY,CHAR(1)
WORK_PACKAGE_HEADERS,CROSS_REFERENCE,VARCHAR2(20)
WORK_PACKAGE_HEADERS,DISTRIBUTED_TRANSACTION_ID,VARCHAR2(255)
WORK_PACKAGE_HEADERS,RECEIVED_SEGREGATION_CODE,VARCHAR2(20)
WORK_PACKAGE_HEADERS,REQUEST_NEED_DATE_HOLD,"NUMBER(22,3)"
WORK_PACKAGE_HEADERS,REQUEST_NEED_DATE_OFFSET,"NUMBER(22,5)"
WORK_PACKAGE_HEADERS,SELECTIVE_LOCKIN,CHAR(1)
WORK_PACKAGE_HEADERS,WBS_CONTROL,CHAR(1)
EQUIPMENT_LABELS,DISTRIBUTED_TRANSACTION_ID,VARCHAR2(255)
MAINTAINED_POSITION_WARNING,DISTRIBUTED_TRANSACTION_ID,VARCHAR2(255)
UNIT_IDENTIFICATION_NUMBERS,DISTRIBUTED_TRANSACTION_ID,VARCHAR2(255)
DEFAULT_WORK_ORDERS,APPROVAL_TEMPLATE_ID,VARCHAR2(80)
DEFAULT_WORK_ORDERS,AUTHORIZING_SOURCE,VARCHAR2(40)
DEFAULT_WORK_ORDERS,BODY_LINE_FROM,VARCHAR2(20)
DEFAULT_WORK_ORDERS,BODY_LINE_TO,VARCHAR2(20)
DEFAULT_WORK_ORDERS,DEFAULT_ORDER_SOURCE,VARCHAR2(1)
DEFAULT_WORK_ORDERS,DEFAULT_WORK_ORDER_ID,VARCHAR2(80)
DEFAULT_WORK_ORDERS,DISTRIBUTED_TRANSACTION_ID,VARCHAR2(255)
DEFAULT_WORK_ORDERS,LOCKED_BY,VARCHAR2(20)
DEFAULT_WORK_ORDERS,LOCKED_ON,DATE
DEFAULT_WORK_ORDERS,LONG_DESCRIPTION,VARCHAR2(2000)
DEFAULT_WORK_ORDERS,LOT_PREFIX,VARCHAR2(20)
DEFAULT_WORK_ORDERS,MANUAL_UPDATE_OPERATION,CHAR(1)
DEFAULT_WORK_ORDERS,MANUAL_UPDATE_PART_LIST,CHAR(1)
DEFAULT_WORK_ORDERS,MINIMUM_FABRICATION_QUANTITY,"NUMBER(22,5)"
DEFAULT_WORK_ORDERS,PLAN_NO,VARCHAR2(35)
DEFAULT_WORK_ORDERS,PUBLISHED_BY,VARCHAR2(20)
DEFAULT_WORK_ORDERS,PUBLISHED_ON,DATE
DEFAULT_WORK_ORDERS,SEGREGATION_CODE,VARCHAR2(20)
DEFAULT_WORK_ORDERS,USABLE_FOR,VARCHAR2(1)
DEFAULT_WORK_ORDERS,USER_ACCESS_CODE,VARCHAR2(50)
DEFAULT_WORK_ORDERS,WATER_LINE_FROM,VARCHAR2(20)
DEFAULT_WORK_ORDERS,WATER_LINE_TO,VARCHAR2(20)
DEFAULT_WORK_ORDERS,WORK_LOCATION,VARCHAR2(20)
DEFAULT_WORK_ORDERS,WORK_POSITION,VARCHAR2(20)
DEFAULT_WORK_ORDERS,WORK_SECTION,VARCHAR2(20)
DEFAULT_WORK_ORDERS,WORK_STATION,VARCHAR2(20)
DEFAULT_WORK_ORDERS,WORK_SUB_POSITION,VARCHAR2(20)
WEIGHT_BALANCE_CODES,DISTRIBUTED_TRANSACTION_ID,VARCHAR2(255)
TASK_PENALTIES,BASE_TASK_CODE,VARCHAR2(50)
TASK_PENALTIES,DISTRIBUTED_TRANSACTION_ID,VARCHAR2(255)
RAF_UNIT_IDENTIFICATIONS,DISTRIBUTED_TRANSACTION_ID,VARCHAR2(255)
NCM_TYPE_CODES,DISTRIBUTED_TRANSACTION_ID,VARCHAR2(255)
RELATED_WORK_ORDERS,DISTRIBUTED_TRANSACTION_ID,VARCHAR2(255)
ALTERNATE_STATES,DISTRIBUTED_TRANSACTION_ID,VARCHAR2(255)
SANCTION_CODES,DISTRIBUTED_TRANSACTION_ID,VARCHAR2(255)
CLOCKING_TIMES,DISTRIBUTED_TRANSACTION_ID,VARCHAR2(255)
MOD_TI_TYPES,DISTRIBUTED_TRANSACTION_ID,VARCHAR2(255)
ITEM_SUPP_SERVICINGS,DISTRIBUTED_TRANSACTION_ID,VARCHAR2(255)
WORK_ORDERS,AUTHORIZING_SOURCE,VARCHAR2(40)
WORK_ORDERS,BASIC_TASK_UNIT,VARCHAR2(3)
WORK_ORDERS,CURRENT_WORK_BAY,VARCHAR2(20)
WORK_ORDERS,DEFAULT_WORK_ORDER_ID,VARCHAR2(80)
WORK_ORDERS,DEPOT_PARTNER_DODAAC,VARCHAR2(6)
WORK_ORDERS,DIRECT_SHIP_PART_REQUEST,VARCHAR2(20)
WORK_ORDERS,DISTRIBUTED_TRANSACTION_ID,VARCHAR2(255)
WORK_ORDERS,DOWN_DATE_TIME,DATE
WORK_ORDERS,EXTERNAL_ITEM_ID,VARCHAR2(20)
WORK_ORDERS,EXTERNAL_SYSTEM,VARCHAR2(20)
WORK_ORDERS,FMS_CLSSA_MRRL_DATE,DATE
WORK_ORDERS,HUMIDITY,"NUMBER(22,15)"
WORK_ORDERS,INOPERATIVE,CHAR(1)
WORK_ORDERS,LABOR_DEPARTMENT,VARCHAR2(20)
WORK_ORDERS,LABOR_OVERHEAD_PERCENT,"NUMBER(22,15)"
WORK_ORDERS,LOT_NO,VARCHAR2(20)
WORK_ORDERS,LOT_SIZE,"NUMBER(22,10)"
WORK_ORDERS,MAINTENANCE_DOCUMENT,VARCHAR2(20)
WORK_ORDERS,MATERIAL_OVERHEAD_PERCENT,"NUMBER(22,15)"
WORK_ORDERS,PRIMARY_LIFE_DECIMAL,"NUMBER(22,15)"
WORK_ORDERS,PRODUCTION_IMPACT,CHAR(1)
WORK_ORDERS,QUANTITY_COMPLETED,"NUMBER(22,10)"
WORK_ORDERS,QUANTITY_DUE,"NUMBER(22,10)"
WORK_ORDERS,QUANTITY_ORDERED,"NUMBER(22,10)"
WORK_ORDERS,QUANTITY_ORIGINAL_ORDERED,"NUMBER(22,10)"
WORK_ORDERS,QUANTITY_OVER_RECEIVED,"NUMBER(22,10)"
WORK_ORDERS,QUANTITY_SCRAPPED,"NUMBER(22,10)"
WORK_ORDERS,QUANTITY_SPLIT,"NUMBER(22,10)"
WORK_ORDERS,RECEIVED_SEGREGATION_CODE,VARCHAR2(20)
WORK_ORDERS,REPAIR_DOCUMENT_NO,VARCHAR2(20)
WORK_ORDERS,REQUESTED_BY,VARCHAR2(20)
WORK_ORDERS,RESULT_CODE,VARCHAR2(20)
WORK_ORDERS,SHIP_TO_DODAAC,VARCHAR2(20)
WORK_ORDERS,SHOP_BENCH_CODE,VARCHAR2(20)
WORK_ORDERS,SPLIT_FROM_ORDER_NO,VARCHAR2(20)
WORK_ORDERS,SUPPLY_DISCREPANCY_NO,VARCHAR2(20)
WORK_ORDERS,SYS_NC00231$,DATE
WORK_ORDERS,SYS_NC00232$,DATE
WORK_ORDERS,TAG_NO,VARCHAR2(20)
WORK_ORDERS,TEMPERATURE,"NUMBER(22,15)"
EO_RELATIONSHIPS,DISTRIBUTED_TRANSACTION_ID,VARCHAR2(255)
INTERFACE_DEFINITIONS,DISTRIBUTED_TRANSACTION_ID,VARCHAR2(255)
INTERFACE_DEFINITIONS,VERSION_NUMBER,"NUMBER(22,10)"
WRAM_LS_EIAC_MAPPINGS,DISTRIBUTED_TRANSACTION_ID,VARCHAR2(255)
SUB_SYSTEMS,DISTRIBUTED_TRANSACTION_ID,VARCHAR2(255)
MAIN_EQUIPMENT_NUMBERS,DISTRIBUTED_TRANSACTION_ID,VARCHAR2(255)
DEFAULT_WO_SYMPTOM_COMMENTS,DEFAULT_WORK_ORDER_ID,VARCHAR2(80)
DEFAULT_WO_SYMPTOM_COMMENTS,DISTRIBUTED_TRANSACTION_ID,VARCHAR2(255)
ACTION_TAKEN_CODES,DISTRIBUTED_TRANSACTION_ID,VARCHAR2(255)
AC_EQUIPMENT_RUNNING_TASKS,DISTRIBUTED_TRANSACTION_ID,VARCHAR2(255)
SYMPTOMS,DISTRIBUTED_TRANSACTION_ID,VARCHAR2(255)
TASK_HISTORIES,BASE_TASK_CODE,VARCHAR2(50)
TASK_HISTORIES,DISTRIBUTED_TRANSACTION_ID,VARCHAR2(255)
TASK_HISTORIES,INTERVAL_TYPE,VARCHAR2(2)
TASK_HISTORIES,RECALL_CODE,VARCHAR2(8)
CLOCKING_EVENTS,DISTRIBUTED_TRANSACTION_ID,VARCHAR2(255)
SERVICING_CERT_REQMTS,DISTRIBUTED_TRANSACTION_ID,VARCHAR2(255)
SERVICING_CERT_REQMTS,SERVICING_CERT_REQMT_ID,VARCHAR2(80)
EO_LEVELS,DISTRIBUTED_TRANSACTION_ID,VARCHAR2(255)
DEFAULT_PROCESSES,DISTRIBUTED_TRANSACTION_ID,VARCHAR2(255)
TRADE_CODES,DISTRIBUTED_TRANSACTION_ID,VARCHAR2(255)
TRADE_CODES,YEAR,"NUMBER(22,4)"
ITEM_ERC_INST_HISTORY,DISTRIBUTED_TRANSACTION_ID,VARCHAR2(255)
ITEM_ERC_INST_HISTORY,VERSION_NUMBER,"NUMBER(22,10)"
DEFAULT_LABOR,DEFAULT_WORK_ORDER_ID,VARCHAR2(80)
DEFAULT_LABOR,DISTRIBUTED_TRANSACTION_ID,VARCHAR2(255)
CERTIFICATION_POINT_AUTHS,DISTRIBUTED_TRANSACTION_ID,VARCHAR2(255)
ITEM_FUELLING_RECORDS,CURRENT_MILEAGE,"NUMBER(22,11)"
ITEM_FUELLING_RECORDS,DISTRIBUTED_TRANSACTION_ID,VARCHAR2(255)
ITEM_FUELLING_RECORDS,FUEL_COST,"NUMBER(22,20)"
ITEM_FUELLING_RECORDS,SOURCE_REFERENCE,VARCHAR2(20)
REPLENISHMENT_DEFINITIONS,DISTRIBUTED_TRANSACTION_ID,VARCHAR2(255)
USAGE_INTERVALS,DISTRIBUTED_TRANSACTION_ID,VARCHAR2(255)
WORK_CENTER_TYPES,DISTRIBUTED_TRANSACTION_ID,VARCHAR2(255)
WORK_PERFORMED_AUTHS,DISTRIBUTED_TRANSACTION_ID,VARCHAR2(255)
COMPASS_HEADINGS,DISTRIBUTED_TRANSACTION_ID,VARCHAR2(255)
SYSTEMS,DISTRIBUTED_TRANSACTION_ID,VARCHAR2(255)
FSC_WORK_ORDERS,DISTRIBUTED_TRANSACTION_ID,VARCHAR2(255)
TASK_PENALTY_HISTORIES,BASE_TASK_CODE,VARCHAR2(50)
TASK_PENALTY_HISTORIES,DISTRIBUTED_TRANSACTION_ID,VARCHAR2(255)
TASK_PENALTY_HISTORIES,INTERVAL_TYPE,VARCHAR2(2)
SEVERITY_SYMBOLS,DISTRIBUTED_TRANSACTION_ID,VARCHAR2(255)
DELAY_CODES,DELAY_TYPE,VARCHAR2(20)
DELAY_CODES,DISTRIBUTED_TRANSACTION_ID,VARCHAR2(255)
DELAY_CODES,SECURITY_REQUIRED,CHAR(1)
ACQUISITION_ADVICE_CODES,DISTRIBUTED_TRANSACTION_ID,VARCHAR2(255)
ACQUISITION_ADVICE_CODES,VERSION_NUMBER,"NUMBER(22,10)"
WORK_ORDER_LABOR,DISTRIBUTED_TRANSACTION_ID,VARCHAR2(255)
WORK_ORDER_LABOR,LABOR_RATE,"NUMBER(22,15)"
WORK_STEPS,ALERT_FREQUENCY,"NUMBER(22,3)"
WORK_STEPS,BASIC_TASK_UNIT,VARCHAR2(3)
WORK_STEPS,BIN_LOCATION,VARCHAR2(40)
WORK_STEPS,DISTRIBUTED_TRANSACTION_ID,VARCHAR2(255)
WORK_STEPS,ESTIMATED_COMPLETION_DATE,DATE
WORK_STEPS,ESTIMATED_STARTED_ON,DATE
WORK_STEPS,FACTORY_WORK_CODE,VARCHAR2(20)
WORK_STEPS,FLOW_TIME,"NUMBER(22,12)"
WORK_STEPS,LABOR_DEPARTMENT,VARCHAR2(20)
WORK_STEPS,OCCURENCE_FACTOR,"NUMBER(22,5)"
WORK_STEPS,OPERATION_CODE,VARCHAR2(20)
WORK_STEPS,QUANTITY_COMPLETE,"NUMBER(22,10)"
WORK_STEPS,QUANTITY_READY,"NUMBER(22,10)"
WORK_STEPS,QUANTITY_REJECT,"NUMBER(22,10)"
WORK_STEPS,RESEND_ALERT,CHAR(1)
WORK_STEPS,RUN_TIME,"NUMBER(22,12)"
WORK_STEPS,SETUP_TIME,"NUMBER(22,12)"
WORK_STEPS,SUB_LOCATION,VARCHAR2(40)
WORK_STEPS,WORK_BAY,VARCHAR2(20)
EO_DOCUMENTS,DISTRIBUTED_TRANSACTION_ID,VARCHAR2(255)
USAGE_PROFILE_HEADERS,DISTRIBUTED_TRANSACTION_ID,VARCHAR2(255)
TASK_PARTS_USED,BASE_TASK_CODE,VARCHAR2(50)
TASK_PARTS_USED,DISTRIBUTED_TRANSACTION_ID,VARCHAR2(255)
COMPASS_CALIBRATIONS,DISTRIBUTED_TRANSACTION_ID,VARCHAR2(255)
PHRASE_CODES,DISTRIBUTED_TRANSACTION_ID,VARCHAR2(255)
PHRASE_CODES,VERSION_NUMBER,"NUMBER(22,10)"
PPI_DATA,DISTRIBUTED_TRANSACTION_ID,VARCHAR2(255)
FLIGHT_SCHD_CONFIG_CODES,DISTRIBUTED_TRANSACTION_ID,VARCHAR2(255)
BOM_MAPPINGS,DISTRIBUTED_TRANSACTION_ID,VARCHAR2(255)
ITEM_USAGE_HEADERS,DISTRIBUTED_TRANSACTION_ID,VARCHAR2(255)
ITEM_USAGE_HEADERS,FLIGHT_DATE,DATE
AIRCRAFT_READINESS_LOGS,DISTRIBUTED_TRANSACTION_ID,VARCHAR2(255)
DEFAULT_COMMENTS,CREATED_BY,VARCHAR2(20)
DEFAULT_COMMENTS,CREATED_ON,DATE
DEFAULT_COMMENTS,DISTRIBUTED_TRANSACTION_ID,VARCHAR2(255)
DEFAULT_COMMENTS,LAST_CHANGED_BY,VARCHAR2(20)
CANNIBALIZATION_CODES,DISTRIBUTED_TRANSACTION_ID,VARCHAR2(255)
EIAC_WORK_UNIT_CODES,DISTRIBUTED_TRANSACTION_ID,VARCHAR2(255)
CLAIM_TASKS,BASE_TASK_CODE,VARCHAR2(50)
CLAIM_TASKS,CLAIM_BASE_TASK_CODE,VARCHAR2(50)
CLAIM_TASKS,DISTRIBUTED_TRANSACTION_ID,VARCHAR2(255)
DATA_SECURITY_ENTRIES,DISTRIBUTED_TRANSACTION_ID,VARCHAR2(255)
DATA_SECURITY_ENTRIES,OTHER_UPDATES_ENABLED,CHAR(1)
DATA_SECURITY_ENTRIES,VERSION_NUMBER,"NUMBER(22,10)"
EIAC_SYS_SUBSYSTEMS,DISTRIBUTED_TRANSACTION_ID,VARCHAR2(255)
REPLENISHMENT_TYPES,DISTRIBUTED_TRANSACTION_ID,VARCHAR2(255)
ENVIRONMENT_CODES,DISTRIBUTED_TRANSACTION_ID,VARCHAR2(255)
COMPASS_SWINGS,DISTRIBUTED_TRANSACTION_ID,VARCHAR2(255)
ITEM_WEIGHT_BALANCES,DISTRIBUTED_TRANSACTION_ID,VARCHAR2(255)
TASK_SCHEDULE_ENTRIES,BASE_TASK_CODE,VARCHAR2(50)
TASK_SCHEDULE_ENTRIES,DISTRIBUTED_TRANSACTION_ID,VARCHAR2(255)
TASK_SCHEDULE_ENTRIES,RECALL_CODE,VARCHAR2(8)
TASK_SCHEDULE_ENTRIES,SHOP_BENCH_CODE,VARCHAR2(20)
STRUCTURE_POSITIONS,DISTRIBUTED_TRANSACTION_ID,VARCHAR2(255)
CUST,DISTRIBUTED_TRANSACTION_ID,VARCHAR2(255)
CUST,VERSION_NUMBER,"NUMBER(22,10)"
DESIGNED_POSITION_TASKS,DISTRIBUTED_TRANSACTION_ID,VARCHAR2(255)
TASK_TYPES,DISTRIBUTED_TRANSACTION_ID,VARCHAR2(255)
